{
	"format_version": "1.12.0",
	"minecraft:geometry": [
		{
			"description": {
				"identifier": "geometry.bank",
				"texture_width": 128,
				"texture_height": 128,
				"visible_bounds_width": 2,
				"visible_bounds_height": 2.5,
				"visible_bounds_offset": [0, 0.75, 0]
			},
			"bones": [
				{
					"name": "bb_main",
					"pivot": [0, 0, 0],
					"cubes": [
						{"origin": [-3, 0, -3], "size": [6, 1, 6], "uv": [0, 0]},
						{"origin": [-3, 1, -3], "size": [6, 1, 6], "uv": [0, 0]},
						{"origin": [-3, 2, -3], "size": [6, 1, 6], "uv": [0, 0]},
						{"origin": [-3, 3, -3], "size": [6, 1, 6], "uv": [0, 0]},
						{"origin": [-3, 4, -3], "size": [6, 1, 6], "uv": [0, 0]},
						{"origin": [-3, 5, -3], "size": [6, 1, 6], "uv": [0, 0]},
						{"origin": [-3, 6, -3], "size": [6, 1, 6], "uv": [0, 0]},
						{"origin": [-3, 7, -3], "size": [6, 1, 6], "uv": [0, 0]},
						{"origin": [-3, 8, -3], "size": [6, 1, 6], "uv": [0, 0]},
						{"origin": [8, -3, -3], "size": [6, 1, 6], "pivot": [0, 0, 0], "rotation": [0, 0, -90], "uv": [0, 0]},
						{"origin": [8, -2, -3], "size": [6, 1, 6], "pivot": [0, 0, 0], "rotation": [0, 0, -90], "uv": [72, 0]},
						{"origin": [12, -2, -3], "size": [6, 1, 6], "pivot": [0, 0, 0], "rotation": [0, 0, -90], "uv": [48, 0]},
						{"origin": [12, -3, -3], "size": [6, 1, 6], "pivot": [0, 0, 0], "rotation": [0, 0, -90], "uv": [0, 0]},
						{"origin": [4, -1, -3], "size": [6, 1, 6], "pivot": [0, 0, 0], "rotation": [0, 0, -90], "uv": [0, 0]},
						{"origin": [2, 8, -3], "size": [6, 1, 6], "pivot": [0, 0, 0], "rotation": [0, 0, -30], "uv": [24, 0]},
						{"origin": [-3, 8, -3], "size": [6, 1, 6], "uv": [0, 0]}
					]
				}
			]
		}
	]
}