{
	"format_version": "1.12.0",
	"minecraft:geometry": [
		{
			"description": {
				"identifier": "geometry.pay",
				"texture_width": 16,
				"texture_height": 16,
				"visible_bounds_width": 2,
				"visible_bounds_height": 1.5,
				"visible_bounds_offset": [0, 0.25, 0]
			},
			"bones": [
				{
					"name": "bb_main",
					"pivot": [0, 0, 0],
					"cubes": [
						{"origin": [-1, 0, 0], "size": [1, 1, 1], "uv": [0, 0]},
						{"origin": [-1, 0, 1], "size": [1, 1, 1], "uv": [0, 0]},
						{"origin": [-1, 0, -2], "size": [1, 1, 1], "uv": [0, 0]},
						{"origin": [-1, 0, -3], "size": [1, 1, 1], "uv": [0, 0]},
						{"origin": [-1, 0, -4], "size": [1, 1, 1], "uv": [0, 0]},
						{"origin": [-1, 0, 2], "size": [1, 1, 1], "uv": [0, 0]},
						{"origin": [-2, 0, 2], "size": [1, 1, 1], "uv": [0, 0]},
						{"origin": [-2, 0, 1], "size": [1, 1, 1], "uv": [0, 0]},
						{"origin": [-2, 0, 0], "size": [1, 1, 1], "uv": [0, 0]},
						{"origin": [-2, 0, -1], "size": [1, 1, 1], "uv": [0, 0]},
						{"origin": [-2, 0, -2], "size": [1, 1, 1], "uv": [0, 0]},
						{"origin": [-2, 0, -3], "size": [1, 1, 1], "uv": [0, 0]},
						{"origin": [-2, 0, -4], "size": [1, 1, 1], "uv": [0, 0]},
						{"origin": [0, 0, -4], "size": [1, 1, 1], "uv": [0, 0]},
						{"origin": [-1, 0, -5], "size": [1, 1, 1], "uv": [0, 0]},
						{"origin": [0, 0, -5], "size": [1, 1, 1], "uv": [0, 0]},
						{"origin": [1, 0, -5], "size": [1, 1, 1], "uv": [0, 0]},
						{"origin": [1, 0, -4], "size": [1, 1, 1], "uv": [0, 0]},
						{"origin": [1, 0, -3], "size": [1, 1, 1], "uv": [0, 0]},
						{"origin": [1, 0, -1], "size": [1, 1, 1], "uv": [0, 0]},
						{"origin": [1, 0, 0], "size": [1, 1, 1], "uv": [0, 0]},
						{"origin": [1, 0, -2], "size": [1, 1, 1], "uv": [0, 0]},
						{"origin": [1, 0, 1], "size": [1, 1, 1], "uv": [0, 0]},
						{"origin": [1, 0, 2], "size": [1, 1, 1], "uv": [0, 0]},
						{"origin": [1, 0, 3], "size": [1, 1, 1], "uv": [0, 0]},
						{"origin": [1, 0, 4], "size": [1, 1, 1], "uv": [0, 0]},
						{"origin": [-2, 0, -5], "size": [1, 1, 1], "uv": [0, 0]},
						{"origin": [-3, 0, -5], "size": [1, 1, 1], "uv": [0, 0]},
						{"origin": [-3, 0, -4], "size": [1, 1, 1], "uv": [0, 0]},
						{"origin": [-3, 0, -2], "size": [1, 1, 1], "uv": [0, 0]},
						{"origin": [-3, 0, -3], "size": [1, 1, 1], "uv": [0, 0]},
						{"origin": [-3, 0, -1], "size": [1, 1, 1], "uv": [0, 0]},
						{"origin": [-3, 0, 0], "size": [1, 1, 1], "uv": [0, 0]},
						{"origin": [-3, 0, 1], "size": [1, 1, 1], "uv": [0, 0]},
						{"origin": [-3, 0, 2], "size": [1, 1, 1], "uv": [0, 0]},
						{"origin": [-3, 0, 3], "size": [1, 1, 1], "uv": [0, 0]},
						{"origin": [-3, 0, 4], "size": [1, 1, 1], "uv": [0, 0]},
						{"origin": [-3, 1, 4], "size": [1, 1, 1], "uv": [0, 0]},
						{"origin": [-3, 1, 3], "size": [1, 1, 1], "uv": [0, 0]},
						{"origin": [-3, 1, 2], "size": [1, 1, 1], "uv": [0, 0]},
						{"origin": [-3, 1, 1], "size": [1, 1, 1], "uv": [0, 0]},
						{"origin": [-3, 1, 0], "size": [1, 1, 1], "uv": [0, 0]},
						{"origin": [-3, 1, -1], "size": [1, 1, 1], "uv": [0, 0]},
						{"origin": [-3, 1, -3], "size": [1, 1, 1], "uv": [0, 0]},
						{"origin": [-3, 1, -4], "size": [1, 1, 1], "uv": [0, 0]},
						{"origin": [-3, 1, -5], "size": [1, 1, 1], "uv": [0, 0]},
						{"origin": [-3, 2, -5], "size": [1, 1, 1], "uv": [0, 0]},
						{"origin": [-3, 2, -4], "size": [1, 1, 1], "uv": [0, 0]},
						{"origin": [-3, 2, -3], "size": [1, 1, 1], "uv": [0, 0]},
						{"origin": [-3, 2, -2], "size": [1, 1, 1], "uv": [0, 0]},
						{"origin": [-3, 2, -1], "size": [1, 1, 1], "uv": [0, 0]},
						{"origin": [-3, 2, 0], "size": [1, 1, 1], "uv": [0, 0]},
						{"origin": [-3, 2, 1], "size": [1, 1, 1], "uv": [0, 0]},
						{"origin": [-3, 2, 2], "size": [1, 1, 1], "uv": [0, 0]},
						{"origin": [-3, 2, 3], "size": [1, 1, 1], "uv": [0, 0]},
						{"origin": [-3, 2, 4], "size": [1, 1, 1], "uv": [0, 0]},
						{"origin": [-3, 3, 4], "size": [1, 1, 1], "uv": [0, 0]},
						{"origin": [-3, 3, 3], "size": [1, 1, 1], "uv": [0, 0]},
						{"origin": [-3, 3, 2], "size": [1, 1, 1], "uv": [0, 0]},
						{"origin": [-3, 3, 1], "size": [1, 1, 1], "uv": [0, 0]},
						{"origin": [-3, 3, 0], "size": [1, 1, 1], "uv": [0, 0]},
						{"origin": [-3, 3, -1], "size": [1, 1, 1], "uv": [0, 0]},
						{"origin": [-3, 3, -2], "size": [1, 1, 1], "uv": [0, 0]},
						{"origin": [-3, 3, -3], "size": [1, 1, 1], "uv": [0, 0]},
						{"origin": [-3, 3, -4], "size": [1, 1, 1], "uv": [0, 0]},
						{"origin": [-3, 3, -5], "size": [1, 1, 1], "uv": [0, 0]},
						{"origin": [-3, 4, -5], "size": [1, 1, 1], "uv": [0, 0]},
						{"origin": [-3, 5, -5], "size": [1, 1, 1], "uv": [0, 0]},
						{"origin": [-3, 5, 4], "size": [1, 1, 1], "uv": [0, 0]},
						{"origin": [-3, 4, 4], "size": [1, 1, 1], "uv": [0, 0]},
						{"origin": [-3, 4, 3], "size": [1, 1, 1], "uv": [0, 0]},
						{"origin": [-3, 4, 2], "size": [1, 1, 1], "uv": [0, 0]},
						{"origin": [-3, 4, 1], "size": [1, 1, 1], "uv": [0, 0]},
						{"origin": [-3, 4, 0], "size": [1, 1, 1], "uv": [0, 0]},
						{"origin": [-3, 4, -1], "size": [1, 1, 1], "uv": [0, 0]},
						{"origin": [-3, 4, -2], "size": [1, 1, 1], "uv": [0, 0]},
						{"origin": [-3, 4, -4], "size": [1, 1, 1], "uv": [0, 0]},
						{"origin": [-3, 4, -3], "size": [1, 1, 1], "uv": [0, 0]},
						{"origin": [-3, 5, -3], "size": [1, 1, 1], "uv": [0, 0]},
						{"origin": [-3, 5, -4], "size": [1, 1, 1], "uv": [0, 0]},
						{"origin": [-3, 5, -2], "size": [1, 1, 1], "uv": [0, 0]},
						{"origin": [-3, 5, -1], "size": [1, 1, 1], "uv": [0, 0]},
						{"origin": [-3, 5, 0], "size": [1, 1, 1], "uv": [0, 0]},
						{"origin": [-3, 5, 1], "size": [1, 1, 1], "uv": [0, 0]},
						{"origin": [-3, 5, 3], "size": [1, 1, 1], "uv": [0, 0]},
						{"origin": [-3, 5, 2], "size": [1, 1, 1], "uv": [0, 0]},
						{"origin": [-3, 1, -2], "size": [1, 1, 1], "uv": [0, 0]},
						{"origin": [0, 0, -3], "size": [1, 1, 1], "uv": [0, 0]},
						{"origin": [0, 0, -2], "size": [1, 1, 1], "uv": [0, 0]},
						{"origin": [0, 0, -1], "size": [1, 1, 1], "uv": [0, 0]},
						{"origin": [0, 0, 0], "size": [1, 1, 1], "uv": [0, 0]},
						{"origin": [0, 0, 1], "size": [1, 1, 1], "uv": [0, 0]},
						{"origin": [0, 0, 2], "size": [1, 1, 1], "uv": [0, 0]},
						{"origin": [0, 0, 3], "size": [1, 1, 1], "uv": [0, 0]},
						{"origin": [0, 0, 4], "size": [1, 1, 1], "uv": [0, 0]},
						{"origin": [-2, 0, 4], "size": [1, 1, 1], "uv": [0, 0]},
						{"origin": [-1, 0, 4], "size": [1, 1, 1], "uv": [0, 0]},
						{"origin": [-1, 1, 4], "size": [1, 1, 1], "uv": [0, 0]},
						{"origin": [-1, 2, 4], "size": [1, 1, 1], "uv": [0, 0]},
						{"origin": [-2, 2, 4], "size": [1, 1, 1], "uv": [0, 0]},
						{"origin": [-2, 2, 3], "size": [1, 1, 1], "uv": [0, 0]},
						{"origin": [-2, 2, 1], "size": [1, 1, 1], "uv": [0, 0]},
						{"origin": [-2, 2, 2], "size": [1, 1, 1], "uv": [0, 0]},
						{"origin": [-2, 2, 0], "size": [1, 1, 1], "uv": [0, 0]},
						{"origin": [-2, 2, -2], "size": [1, 1, 1], "uv": [0, 0]},
						{"origin": [-2, 2, -1], "size": [1, 1, 1], "uv": [0, 0]},
						{"origin": [-2, 2, -3], "size": [1, 1, 1], "uv": [0, 0]},
						{"origin": [-2, 2, -4], "size": [1, 1, 1], "uv": [0, 0]},
						{"origin": [-2, 2, -5], "size": [1, 1, 1], "uv": [0, 0]},
						{"origin": [-2, 3, -5], "size": [1, 1, 1], "uv": [0, 0]},
						{"origin": [-2, 4, -5], "size": [1, 1, 1], "uv": [0, 0]},
						{"origin": [-2, 5, -5], "size": [1, 1, 1], "uv": [0, 0]},
						{"origin": [-2, 5, 4], "size": [1, 1, 1], "uv": [0, 0]},
						{"origin": [-2, 4, 4], "size": [1, 1, 1], "uv": [0, 0]},
						{"origin": [-2, 3, 4], "size": [1, 1, 1], "uv": [0, 0]},
						{"origin": [-1, 2, 3], "size": [1, 1, 1], "uv": [0, 0]},
						{"origin": [-1, 2, 2], "size": [1, 1, 1], "uv": [0, 0]},
						{"origin": [-1, 2, 1], "size": [1, 1, 1], "uv": [0, 0]},
						{"origin": [-1, 2, 0], "size": [1, 1, 1], "uv": [0, 0]},
						{"origin": [-1, 2, -1], "size": [1, 1, 1], "uv": [0, 0]},
						{"origin": [-1, 2, -2], "size": [1, 1, 1], "uv": [0, 0]},
						{"origin": [-1, 2, -3], "size": [1, 1, 1], "uv": [0, 0]},
						{"origin": [-1, 2, -4], "size": [1, 1, 1], "uv": [0, 0]},
						{"origin": [-1, 2, -5], "size": [1, 1, 1], "uv": [0, 0]},
						{"origin": [-2, 3, -4], "size": [1, 1, 1], "uv": [8, 0]},
						{"origin": [-2, 4, -4], "size": [1, 1, 1], "uv": [8, 0]},
						{"origin": [-2, 5, -2], "size": [1, 1, 1], "uv": [0, 0]},
						{"origin": [-2, 4, -2], "size": [1, 1, 1], "uv": [8, 0]},
						{"origin": [-2, 4, 0], "size": [1, 1, 1], "uv": [8, 0]},
						{"origin": [-2, 4, 2], "size": [1, 1, 1], "uv": [8, 0]},
						{"origin": [-2, 5, 2], "size": [1, 1, 1], "uv": [0, 0]},
						{"origin": [-2, 3, 2], "size": [1, 1, 1], "uv": [8, 0]},
						{"origin": [-2, 3, 3], "size": [1, 1, 1], "uv": [8, 0]},
						{"origin": [-2, 4, 3], "size": [1, 1, 1], "uv": [8, 0]},
						{"origin": [-2, 5, 3], "size": [1, 1, 1], "uv": [0, 0]},
						{"origin": [-2, 3, -2], "size": [1, 1, 1], "uv": [8, 0]},
						{"origin": [-2, 5, -4], "size": [1, 1, 1], "uv": [0, 0]},
						{"origin": [-2, 3, -3], "size": [1, 1, 1], "uv": [8, 0]},
						{"origin": [-2, 3, -1], "size": [1, 1, 1], "uv": [8, 0]},
						{"origin": [-2, 3, 0], "size": [1, 1, 1], "uv": [8, 0]},
						{"origin": [-2, 4, 1], "size": [1, 1, 1], "uv": [8, 0]},
						{"origin": [-2, 5, 1], "size": [1, 1, 1], "uv": [0, 0]},
						{"origin": [-2, 5, 0], "size": [1, 1, 1], "uv": [0, 0]},
						{"origin": [-2, 5, -1], "size": [1, 1, 1], "uv": [0, 0]},
						{"origin": [-2, 4, -1], "size": [1, 1, 1], "uv": [8, 0]},
						{"origin": [-2, 3, 1], "size": [1, 1, 1], "uv": [8, 0]},
						{"origin": [-2, 4, -3], "size": [1, 1, 1], "uv": [8, 0]},
						{"origin": [-2, 5, -3], "size": [1, 1, 1], "uv": [0, 0]},
						{"origin": [0, 2, -5], "size": [1, 1, 1], "uv": [0, 0]},
						{"origin": [1, 2, -5], "size": [1, 1, 1], "uv": [0, 0]},
						{"origin": [1, 2, -4], "size": [1, 1, 1], "uv": [0, 0]},
						{"origin": [1, 2, -3], "size": [1, 1, 1], "uv": [0, 0]},
						{"origin": [1, 2, -1], "size": [1, 1, 1], "uv": [0, 0]},
						{"origin": [1, 2, -2], "size": [1, 1, 1], "uv": [0, 0]},
						{"origin": [1, 2, 0], "size": [1, 1, 1], "uv": [0, 0]},
						{"origin": [1, 2, 1], "size": [1, 1, 1], "uv": [0, 0]},
						{"origin": [1, 2, 2], "size": [1, 1, 1], "uv": [0, 0]},
						{"origin": [1, 2, 3], "size": [1, 1, 1], "uv": [0, 0]},
						{"origin": [1, 2, 4], "size": [1, 1, 1], "uv": [0, 0]},
						{"origin": [0, 2, 4], "size": [1, 1, 1], "uv": [0, 0]},
						{"origin": [0, 2, 3], "size": [1, 1, 1], "uv": [0, 0]},
						{"origin": [0, 2, 2], "size": [1, 1, 1], "uv": [0, 0]},
						{"origin": [0, 2, 1], "size": [1, 1, 1], "uv": [0, 0]},
						{"origin": [0, 2, 0], "size": [1, 1, 1], "uv": [0, 0]},
						{"origin": [0, 2, -2], "size": [1, 1, 1], "uv": [0, 0]},
						{"origin": [0, 2, -1], "size": [1, 1, 1], "uv": [0, 0]},
						{"origin": [0, 2, -3], "size": [1, 1, 1], "uv": [0, 0]},
						{"origin": [0, 2, -4], "size": [1, 1, 1], "uv": [0, 0]},
						{"origin": [-2, 1, 4], "size": [1, 1, 1], "uv": [0, 0]},
						{"origin": [-2, 1, 3], "size": [1, 1, 1], "uv": [0, 0]},
						{"origin": [-2, 1, 2], "size": [1, 1, 1], "uv": [0, 0]},
						{"origin": [-2, 1, 1], "size": [1, 1, 1], "uv": [0, 0]},
						{"origin": [-2, 1, 0], "size": [1, 1, 1], "uv": [0, 0]},
						{"origin": [-2, 1, -1], "size": [1, 1, 1], "uv": [0, 0]},
						{"origin": [-2, 1, -3], "size": [1, 1, 1], "uv": [0, 0]},
						{"origin": [-2, 1, -4], "size": [1, 1, 1], "uv": [0, 0]},
						{"origin": [-2, 1, -5], "size": [1, 1, 1], "uv": [0, 0]},
						{"origin": [-1, 1, -5], "size": [1, 1, 1], "uv": [0, 0]},
						{"origin": [-1, 1, -4], "size": [1, 1, 1], "uv": [4, 0]},
						{"origin": [-1, 1, -3], "size": [1, 1, 1], "uv": [4, 0]},
						{"origin": [-1, 1, -2], "size": [1, 1, 1], "uv": [4, 0]},
						{"origin": [-1, 1, -1], "size": [1, 1, 1], "uv": [4, 0]},
						{"origin": [-1, 1, 0], "size": [1, 1, 1], "uv": [4, 0]},
						{"origin": [-1, 1, 1], "size": [1, 1, 1], "uv": [4, 0]},
						{"origin": [-1, 1, 2], "size": [1, 1, 1], "uv": [4, 0]},
						{"origin": [-1, 1, 3], "size": [1, 1, 1], "uv": [4, 0]},
						{"origin": [-2, 1, -2], "size": [1, 1, 1], "uv": [0, 0]},
						{"origin": [-2, 0, 3], "size": [1, 1, 1], "uv": [0, 0]},
						{"origin": [-1, 0, 3], "size": [1, 1, 1], "uv": [0, 0]},
						{"origin": [-1, 0, -1], "size": [1, 1, 1], "uv": [0, 0]}
					]
				}
			]
		}
	]
}